"Comissoes","Comissões"
"Reunioes nos Proximos 7 Dias","Reuniões nos próximos 7 dias"
"Mandatos a Vencer","Mandatos a vencer"
"Comissoes sem Reuniao Recente","Comissões sem reunião recente"
"Mandatos Vigentes","Mandatos vigentes"
"Reunioes no Mes","Reuniões no mês"
"Presenca Media","Presença média"
"Reunioes por Mes","Reuniões por mês"
"Mandatos por Status","Mandatos por status"
"Reunioes por Unidade","Reuniões por unidade"
"Comissoes Proximas Reunioes","Próximas reuniões"
"Comissoes em Atencao","Comissões que exigem atenção"
